{
  "base_model": "Qwen/Qwen2.5-3B-Instruct",
  "label_token_ids": [
    32,
    33,
    34,
    35,
    36,
    37,
    38,
    39,
    40,
    41,
    42,
    43,
    44,
    45,
    46,
    47,
    48,
    49,
    50,
    51,
    52,
    53,
    54,
    55,
    56,
    57,
    64,
    65,
    66,
    67,
    68,
    69,
    70,
    71,
    72,
    73,
    74,
    75,
    76,
    77,
    78,
    79,
    80,
    81,
    82,
    83,
    84,
    85,
    86,
    87
  ],
  "num_candidates": 50,
  "max_title_len": 32,
  "max_text_len": 1024,
  "train_candidates": "artifacts/qwen_rerank/train.top50.jsonl",
  "valid_candidates": "artifacts/qwen_rerank/valid.top50.jsonl",
  "train_result": {
    "train_runtime": 50365.7196,
    "train_samples_per_second": 3.843,
    "train_steps_per_second": 0.12,
    "total_flos": 3.304807112236032e+18,
    "train_loss": 0.1728211439894167,
    "epoch": 3.9995040297582145
  },
  "best_metric": 0.006145447958260775,
  "best_checkpoint": "artifacts/qwen_rerank/qwen_model/checkpoint-1512"
}